Price,Close,Close,High,High,Low,Low,Open,Open,Volume,Volume
Ticker,KO,PEP,KO,PEP,KO,PEP,KO,PEP,KO,PEP
Date,,,,,,,,,,
2024-10-01,69.61618041992188,165.00149536132812,70.62581495201759,165.54065064160625,69.53851451592337,163.45141658508868,69.99479244362924,164.91483386273518,13294500,7095900
2024-10-02,68.9366226196289,163.23959350585938,69.34435750770808,165.34808717661952,68.35414314999747,162.24792981362916,69.30552455551555,165.11701434596134,11155500,5786000
2024-10-03,68.46092224121094,162.25755310058594,68.91720015606525,162.81596809247137,68.15026604059517,160.94816976913566,68.79099862059348,161.8820689308035,9374800,5090300
2024-10-04,68.12113952636719,161.7183837890625,68.22792828397415,162.22865672693933,67.68428181370429,160.61119111801895,67.91727210001599,160.92889603408173,12684800,4390100
2024-10-07,66.99502563476562,160.98667907714844,68.05319590484659,161.67986814680177,66.85911399285851,160.26459305083497,68.00466026509633,161.47769228632558,14512000,5459500
2024-10-08,67.16004943847656,164.0771942138672,67.41245990748955,164.29862980864038,66.84939324839435,160.6400724690307,67.02413781822983,161.4776875338213,13549700,8297800
2024-10-09,67.53865814208984,166.1182861328125,67.70369261481578,166.83074961395698,67.05325740586478,162.80633065969764,67.16975624894468,163.07590825994097,9037700,7177500
2024-10-10,67.22801208496094,166.5515594482422,67.8687447083892,166.61894650689385,66.97560159028053,164.8474322591135,67.79107880131392,165.66580232435203,8635200,5292400
2024-10-11,67.53865814208984,168.30380249023438,67.55807091262277,168.66002688240394,66.98530159905837,166.43600435346264,67.43186938759014,167.52395196095648,8786300,4720300
2024-10-14,68.28617858886719,169.54580688476562,68.4123875326737,169.70947795645102,67.441585966793,167.94758626824526,67.53866464205544,168.4482366992628,7659300,4535900
2024-10-15,68.28617858886719,169.35324096679688,69.13077861756953,170.78779052951126,68.1114414173717,168.60227265634992,68.402677443159,169.79612687107803,10358700,5802300
2024-10-16,68.50946044921875,167.98609924316406,68.63566197578895,168.80446933233716,67.92698103997758,167.16774384486965,68.04347247784929,168.49637222412372,7937300,4400900
2024-10-17,67.85903930664062,168.1690216064453,68.6259735270813,168.93924964736024,67.54838306350521,167.23512249410362,68.56772038943592,167.88982147068862,14674600,4125900
2024-10-18,68.38326263427734,168.54449462890625,68.49005139587426,168.8044496973641,67.57749558100166,165.71391521267662,67.82990605446965,165.8872234886075,15087500,5097000
2024-10-21,67.42217254638672,168.49636840820312,68.27648275024266,170.89369939548132,67.28626090606944,167.86094384594102,67.95611642379669,167.9668503881311,11981200,6436300
2024-10-22,67.42217254638672,167.88018798828125,67.71341600799741,168.4386029630914,66.67465852464167,167.05219539678737,66.98531476059959,168.01497679662313,18603300,3790500
2024-10-23,66.02422332763672,166.51304626464844,66.69407144015285,167.369921154264,64.63597665006137,166.05091528924018,65.0340014813676,167.2351323409833,24655200,3800700
2024-10-24,65.33495330810547,165.75245666503906,66.05334444755754,167.08108506587877,64.99516680894054,165.30957073750653,65.67473240064167,166.4841652726157,17568800,4244900
2024-10-25,64.9660415649414,165.3961944580078,65.7232656310341,167.5239476129396,64.83984002280211,165.21327834980156,65.11166328687348,166.05089338678565,11138100,4442600
2024-10-28,64.72334289550781,163.518798828125,65.43203134433536,166.54193200986902,64.6553870776719,163.41289228041603,65.0048762570076,166.54193200986902,10761400,5186400
2024-10-29,63.645751953125,161.26588439941406,64.40297603304508,162.90260984021754,63.60691899945876,160.7556114330026,64.35444039593374,162.90260984021754,16525900,5127900
2024-10-30,63.995235443115234,160.02391052246094,64.59713506151643,161.40068093792053,63.412756003135854,159.89874423346316,63.59721066500337,160.7845014004283,14177800,4801500
2024-10-31,63.403045654296875,159.89874267578125,64.06319099200441,161.26589055218386,63.35451002169696,159.63878757457942,63.88844642006335,159.91800241795,13383700,5582400
2024-11-01,63.11181640625,159.42698669433594,63.742838950736115,160.0624260166644,62.99531754358791,159.06113971038195,63.55838426984497,159.90837744927327,12163100,6339000
2024-11-04,63.208892822265625,160.14906311035156,63.50983894840038,160.44752300976407,62.7623249746814,159.04187031752207,63.17976995930142,159.4269770217552,10984500,4885500
2024-11-05,63.461299896240234,161.6028594970703,63.55837856977137,161.70876603584205,62.75261150686966,159.5039884625611,62.75261150686966,159.7735660720022,8780200,3678300
2024-11-06,61.84006118774414,158.57972717285156,62.9661908687892,161.1792339542676,61.33524392337028,157.51103925605102,62.539035804842165,161.14071447227087,22899300,7849300
2024-11-07,61.80122756958008,157.89614868164062,62.50991226866228,158.76264606024955,61.74297814240236,157.38587571787875,62.41283359334684,158.37753937884074,14856100,5333500
2024-11-08,62.05363845825195,158.96482849121094,62.36429468381831,159.6484097102787,61.87889757177091,157.55916126325405,62.04393207140302,157.74209206937968,14719300,4618300
2024-11-11,61.509986877441406,158.14646911621094,62.247798130219806,159.96612539345654,61.403198114277636,157.87689149668407,62.12159289163407,158.29089514223648,13980900,3762000
2024-11-12,61.35465621948242,158.22349548339844,61.8885963097271,158.8589347482021,61.2769903210325,157.07778323982535,61.82064050024035,157.98280012771934,15021000,5386600
2024-11-13,61.16049575805664,158.60861206054688,61.4129025237905,158.6663765936188,60.66538861233049,156.32681016805915,61.209035093392316,157.4051353186215,13177600,4145000
2024-11-14,60.723636627197266,159.0033416748047,61.26728683210897,160.67858659257934,60.60714147732835,157.73247787132732,61.26728683210897,158.60861246750778,15910800,5422700
2024-11-15,59.93729019165039,152.7163848876953,60.801302991092136,158.2620152962336,59.59750742225723,152.16760711486293,60.6653913646605,158.2620152962336,26284300,9108900
2024-11-18,60.05378723144531,152.43719482421875,60.325610492859006,153.90062680006127,59.76254749374289,151.88840232419793,60.044077141643854,153.47700059461638,16062100,6991300
2024-11-19,60.76247024536133,150.88710021972656,60.791593107319784,151.99429293896696,59.83050162954991,150.0494851137078,60.09261849711826,151.87876387355146,16254800,8248900
2024-11-20,61.150794982910156,152.83192443847656,61.17020775617443,153.18814885472833,60.20911623708045,150.38645146016484,60.86926162749303,150.62714680971405,18904900,5067300
2024-11-21,61.89830780029297,154.3723602294922,61.94685084248458,154.5264087733947,61.11196088186168,152.07131335938018,61.30612194068559,152.49493950967323,17292300,5977000
2024-11-22,62.05363845825195,155.9705810546875,62.59729240796457,156.02834558601916,61.79152527687323,153.93911178788332,62.36429468381831,154.91151567734778,19562200,5846300
2024-11-25,62.50020217895508,156.98150634765625,62.82056847346044,157.50140182688443,61.975972147613504,155.97058296434142,62.44195645509161,156.64452698959198,36805300,8580400
2024-11-26,62.66524124145508,156.1246337890625,62.75260982330071,157.58805092500063,62.18954316264719,155.87430122540292,62.43224354327773,157.19332172001415,14473300,4653600
2024-11-27,62.548744201660156,156.66378784179688,63.19917946297389,158.98409450100442,62.37399962628637,155.6624869764269,63.06326783841962,155.9128195382084,13263400,3622900
2024-11-29,62.6807975769043,157.36660766601562,62.84708378963255,157.50139646647833,62.37756516784404,154.9596543071262,62.62210261850255,155.42178523858726,10648400,2799300
2024-12-02,62.260189056396484,156.98150634765625,62.788398927337184,157.55916635892333,61.96673664049445,155.7395101453078,62.65145645666422,157.24146143270931,16500100,4967400
2024-12-03,62.133026123046875,155.68174743652344,62.68079973301038,156.98150818613283,61.653723747903506,155.41216982326605,62.32865982170544,156.77931763075077,24874500,4277400
2024-12-04,60.85162353515625,154.2183074951172,61.966730667612545,155.03667750784425,60.54839487400887,153.47697644312578,61.8982594388759,154.62268858459274,28137700,6964600
2024-12-05,61.54612350463867,154.5167999267578,61.741757198457954,155.01743570244213,60.74402871824171,152.91857919676497,61.10595235779821,154.94041142367246,21040400,5229600
2024-12-06,61.164642333984375,153.2108154296875,61.976520890262556,156.13347257060303,61.145078590668966,153.11372639040806,61.458094752312995,154.72555556532188,15581100,8359200
2024-12-09,61.23310852050781,154.84205627441406,61.55590466149001,156.8131428914252,60.54839621794349,152.5796729303245,61.32114349246639,153.32733107276678,22348300,8380400
2024-12-10,61.53634262084961,155.20130920410156,61.66350507972767,155.764478908699,60.44079917506018,152.7835805183257,61.33092892440202,154.38569024542937,14949400,5329400
2024-12-11,61.272239685058594,152.2204132080078,62.24062443478214,155.8518659308198,61.037482233333286,151.72520433419396,61.624379594048975,155.5605840238314,32819000,7925900
2024-12-12,62.4460334777832,154.28858947753906,62.52428471205125,154.77407907918766,61.839572419447876,153.38558593013676,62.162364824332016,154.47307789672024,17542100,6849500
2024-12-13,61.741756439208984,153.38560485839844,62.44603623573683,154.93917770177643,61.73197643376934,152.50201011852758,62.181931312038884,152.95837158567105,13429000,4353900
2024-12-16,61.184200286865234,151.4921875,62.46559736723509,154.21093237694998,60.98856660362831,151.35625099695088,61.849352571029506,153.26908131440695,24559700,6696500
2024-12-17,62.01564407348633,151.60870361328125,62.16236654106673,153.90021529805503,60.959224396176666,150.73482819097285,61.086386853201475,151.22031782913706,21902400,6572600
2024-12-18,61.4776496887207,149.9483184814453,62.25040069457088,151.30769832116738,61.41896219502214,149.6376128257161,61.43852593672239,150.53091195789298,20946100,7620900
2024-12-19,61.086387634277344,147.07421875,61.79066369675338,149.6084750226012,61.03748014445853,147.01596236929115,61.33092881477373,148.64720029300537,21300600,9829500
2024-12-20,61.184200286865234,148.3559112548828,61.68306636568951,149.0356085742562,60.9200953742057,146.14207977752187,61.10594905241175,146.48192843720858,42458100,19205200
2024-12-23,61.01791763305664,146.8994598388672,61.389617548299135,147.98696678940098,60.18647536375635,145.36532549873593,61.13529635726994,147.98696678940098,13010800,6822200
2024-12-24,61.467872619628906,148.37533569335938,61.467872619628906,148.39475942668255,60.65599409159827,146.04499143747168,60.84184778092702,146.13237601347478,5019100,3399800
2024-12-26,61.20376968383789,148.01608276367188,61.370059635945985,148.73459794355492,61.03748346313229,147.82188987224316,61.25267717631586,148.1034673424196,7943800,5528500
2024-12-27,61.086387634277344,148.45301818847656,61.57546999527011,149.0161879361294,60.851626459183805,146.8703172565551,61.086387634277344,146.8994454490227,8542800,4287000
2024-12-30,60.67555618286133,147.31698608398438,60.978788588343185,148.64722303356263,60.33320002457718,146.70526436102497,60.978788588343185,148.22970903063208,8972200,5397000
2024-12-31,60.90053176879883,147.64710998535156,61.066821705912474,148.70547386650415,60.45057690833015,146.55961791047685,60.66577433351176,147.39466070110373,9256700,4274800
2025-01-02,60.489707946777344,145.85079956054688,61.37983771498154,149.2006750075341,60.274510508946975,145.54007908909756,60.988570324635845,148.44331237833586,12991000,4970200
2025-01-03,60.401676177978516,145.30703735351562,60.72447235186524,146.57903260344995,60.274513709653206,145.21965277773944,60.54840239000022,146.57903260344995,10403200,5218100
2025-01-06,59.48219680786133,142.025146484375,60.22560033876369,145.59834319985265,59.33547061015847,141.86008178114602,60.15712910820961,145.25850933413477,17924200,9470600
2025-01-07,59.51154327392578,141.1803741455078,60.37232929488067,143.6757978788005,59.29634583583647,141.12211776225024,59.775648203016566,142.20962457493826,17799600,7473300
2025-01-08,60.362548828125,142.28729248046875,60.42124005934793,142.4135245238162,59.599581479239845,140.36475771793243,59.658272710462775,141.18037673040632,14412400,6791800
2025-01-10,59.73651885986328,138.50047302246094,60.303856185762925,141.34544979359097,59.403942707433,137.40326178117584,60.235384954209835,140.79198453582055,22425000,9632700
2025-01-13,60.30385971069336,140.30650329589844,60.49948968005031,140.92792943066024,59.38438243654477,138.0149916459703,59.795213581279825,138.64612223959938,18016200,8101400
2025-01-14,60.685340881347656,140.7434539794922,60.71468462926497,140.9279424267572,59.96149733770117,139.39379327409483,60.31363723831825,140.00551500640117,16658300,6996400
2025-01-15,60.421234130859375,140.57838439941406,61.2526726355565,141.95717325231882,60.3331991583642,139.9860864231128,60.969007707651805,141.26778623385073,16187200,7141600
2025-01-16,60.89075469970703,142.28729248046875,60.939662190133156,142.5300372924646,59.98106119845224,139.52001051329643,60.07887617930449,139.86956363520918,12585500,5068000
2025-01-17,61.34070587158203,143.9476776123047,61.39939709538475,144.30693520317843,60.812496051563876,142.899018216707,60.949442240436895,143.43305978149766,17948900,7338900
2025-01-21,61.05704116821289,144.2389678955078,61.84935594947066,145.43326820255191,60.93966244441993,143.48160527972692,61.526563526189435,144.02535127916272,19817100,7456200
2025-01-22,60.43101501464844,143.7923126220703,60.92988110984128,145.11284498594236,60.31363629341577,143.50101588581063,60.76359116764291,143.92824912352916,18191900,5905100
2025-01-23,60.18647384643555,144.30694580078125,60.62664871539141,144.61766630346648,60.0299676409626,142.3552826471852,60.45057876780906,144.18072856053828,16528400,4759100
2025-01-24,60.56795883178711,144.79241943359375,60.65599380752992,144.97690785962865,60.09844020495958,143.8311594688376,60.37232886916074,144.50113751455697,19244600,4509600
2025-01-27,62.47538375854492,150.12310791015625,62.77861618512891,150.9581506882491,61.10595529870674,146.52076824225253,61.497218973773705,146.54019197643183,20742900,9820600
2025-01-28,60.998348236083984,145.8896484375,62.64166514834888,150.1231190280589,60.92009327292755,145.76341637993812,62.123235345942554,149.67646200466473,14956000,6349700
2025-01-29,61.45809555053711,146.0061492919922,61.97652169522004,147.58885025624457,61.1842068719666,145.8702127857107,61.19399060945263,146.74410302549293,11325600,4874100
2025-01-30,62.651451110839844,147.49172973632812,62.886208545847495,148.63749285920863,61.84935263559095,146.25859686010006,62.45581369599655,146.88972739309972,13201000,4671300
2025-01-31,62.09389877319336,146.31687927246094,62.53407366328974,147.28785861350482,62.00586379517408,145.90906972713876,62.30909621532991,146.38484012203014,12096800,4905500
2025-02-03,61.96673583984375,145.90904235839844,62.24062450905333,146.74408502770268,61.066826054818854,144.51082999900845,61.800449622290095,145.41383350513422,12067900,7196200
2025-02-04,61.301578521728516,139.32582092285156,62.24061944759396,143.4621872833646,60.988566123574074,138.85003574633595,62.22105570628404,141.86007741267863,15678000,12804900
2025-02-05,61.741756439208984,141.43284606933594,61.908046382901304,141.55906330140306,61.223330328655045,138.55874086954677,61.35049278778419,139.2287189460904,10686800,9248100
2025-02-06,61.97651672363281,141.1318359375,62.348220358831234,142.63684187982244,61.53634185713497,139.78217541066536,62.23083790683031,142.01541576996982,13423400,5604900
2025-02-07,62.4460334777832,140.3842010498047,62.52428471205125,140.93765159411703,61.88847990729067,139.72392736469482,62.04498610722889,140.8017150730605,13184700,5872300
2025-02-10,63.140533447265625,140.16087341308594,63.23834842327509,140.3259381226843,62.26996374261194,138.85974983959886,62.700354861016585,140.16087341308594,16154300,8715400
2025-02-11,66.12393951416016,141.41342163085938,66.19241075219337,141.49110175111198,64.95992846759555,139.23842271169042,66.02612452594202,140.18027379779727,30589100,6354000
2025-02-12,67.20970153808594,139.81130981445312,67.31730026155043,140.57837691539922,65.40988191432544,138.87916320027156,65.40988191432544,139.85984692496825,26033800,6658200
2025-02-13,67.98245239257812,140.3842010498047,68.0900511156915,140.73375422051706,67.25861254301954,139.43264540240918,67.49337000126461,140.04435233917863,24393100,7175300
2025-02-14,67.36620330810547,139.2287139892578,68.50087044125499,141.92803511751464,67.25860459770281,139.17045760484424,67.84550190538734,140.47156624330552,20779100,5001800
2025-02-18,67.54228210449219,139.91812133789062,67.85529454049407,139.96665844951983,66.92603350722227,137.49067311770494,67.05319970681391,138.752934339427,15569100,8738700
2025-02-19,68.54000091552734,141.5784912109375,68.59868841001649,141.69500398734885,67.65965118416759,139.96666199606057,67.69877866809519,140.04434211899098,16032300,5777300
2025-02-20,68.51065826416016,144.7730255126953,68.54000201187411,144.86041009745813,67.90419344778826,140.79200429251927,68.18786211369748,140.89881261255235,13398000,6789800
2025-02-21,69.79204559326172,149.04530334472656,70.03658675333818,150.06483444154827,68.59868353803995,144.57879321387261,68.78453720779532,145.6371717746309,21662300,10604400
2025-02-24,69.04864501953125,149.38516235351562,70.16375968253372,151.78348226726237,68.79432756180522,147.70535759684824,69.2931862031326,147.9189742154306,21418400,7187000
2025-02-25,69.92900085449219,151.8805694580078,70.20288580989559,153.861375385184,69.18560096491304,149.53080149809665,69.31275970483452,150.29786857117168,21555600,9474600
2025-02-26,69.25406646728516,147.11306762695312,69.72358136256986,151.0940886621707,68.9899578087334,146.7538100289734,69.71379762560007,151.05525600940325,14531200,9076500
2025-02-27,69.32254028320312,147.6082763671875,69.97790889130754,148.2588307160082,68.88236165681874,145.57891838335004,69.17581407440834,146.52076948345552,16789500,6731000
2025-02-28,69.65511322021484,149.0161895751953,70.00725313870632,150.5988905245253,69.01930461944939,147.92869753519662,69.88987067827415,149.23951065855908,22167400,8455500
2025-03-03,70.74087524414062,151.4630584716797,70.78000273013222,151.61840389147298,68.20743209432526,146.1323770578798,68.70629074940709,146.95771534638774,21717600,8321700
2025-03-04,68.65738677978516,149.7152862548828,71.06367118989826,155.50231402999918,68.35415062997565,149.4919651858077,70.49633383895646,152.77386482966756,25411900,10274200
2025-03-05,68.54978942871094,149.41429138183594,69.195374301489,150.83191278658023,68.31502450878709,148.29765635736567,68.37371947017056,148.4918492437182,23933600,5578700
2025-03-06,68.9214859008789,150.12310791015625,68.98995713338786,150.47266104554322,67.93353743513154,148.10346921858354,68.87258214211802,149.69587465402017,21694000,8421000
2025-03-07,69.87030029296875,151.2838897705078,70.25178390423,154.3695108653036,68.12916843381659,149.64801943307032,68.12916843381659,150.11820604008545,28393300,8997700
2025-03-10,69.88986206054688,153.05690002441406,71.62121769011372,156.80863255144806,69.76270334119504,152.19487878044845,70.38872812736493,152.69446606818437,25251200,11156900
2025-03-11,69.48882293701172,149.2169952392578,70.46698766169465,152.86097474275263,69.06821180688588,148.7076177422743,70.31047772359918,152.6062785207802,28076400,7981600
2025-03-12,68.412841796875,145.1420135498047,69.18559280869599,146.47422134797392,68.21720437836083,143.51593352688477,68.83345291817491,144.52488337252444,18923300,8330200
2025-03-13,68.09982299804688,145.30853271484375,68.71606401721468,147.40479925790183,67.76724314919173,145.03425596692676,68.71606401721468,145.33791844162332,15746600,5351100
2025-03-14,68.14910125732422,145.55343627929688,68.24763806729536,146.1117950301494,67.38049609664526,144.0742997650658,67.50860071569677,144.12328096290668,14205100,5277500
2025-03-17,69.0950698852539,148.2472381591797,69.1443345325275,148.57049612947927,68.07027049671434,146.08240971000197,68.22792789301748,146.18035715899504,15634800,5449500
2025-03-18,68.36587524414062,145.9452667236328,69.16404064946406,148.2080574974433,68.28705031148782,145.71016594892632,69.08520819893498,146.93462112496772,12657600,8158600
2025-03-19,68.26734161376953,145.083251953125,68.36587842257387,145.83752056028226,67.53816020716549,143.7902200551411,67.5480161434089,145.13223315173892,14780000,6080100
2025-03-20,68.69105529785156,144.14285278320312,68.78959210470518,145.04406491757655,68.08011506675676,143.64328046809445,68.29690055256061,144.54447765550574,16295300,4536400
2025-03-21,67.66625213623047,142.47760009765625,68.94725310643138,144.6816193960121,67.18341654747057,141.79190819422692,68.69105140881598,143.99592749258278,47479500,11574800
2025-03-24,67.9421615600586,143.4571533203125,68.07026617416429,143.72163980115045,67.3312288510982,141.87026432920752,67.7943601097465,142.51678019482856,12575400,5968900
2025-03-25,67.80421447753906,142.5657501220703,68.07027214719969,143.31022839151345,67.59728491106806,141.8702679931515,67.94216752185307,143.1632848108257,12513900,4763300
2025-03-26,68.99652862548828,145.6024169921875,69.32170688704826,146.2783186580365,67.89290424862126,142.77147715118488,67.91260860483223,143.0163681926106,14478200,5882200
2025-03-27,69.70599365234375,146.61135864257812,69.9523394106041,147.3362414653419,69.04578882449623,146.04320966478417,69.15418155956085,146.53299172009324,11663400,5397500
2025-03-28,69.34141540527344,146.21954345703125,70.27752639647278,148.28642439163966,68.51368964480476,144.10368132599882,69.77497888182668,147.36563170793318,17412900,8550900
2025-03-31,70.5731430053711,146.8758544921875,70.88846530861665,149.47169357187087,69.45965524869406,146.68973490780206,69.69615261453576,147.13053579626262,24016900,9985700
2025-04-01,70.81948852539062,146.61135864257812,70.85890475288379,147.70846566344252,70.14942769376016,145.63179453196003,70.63226332426726,147.4146083878268,15309100,6072800
2025-04-02,70.28738403320312,146.07260131835938,71.30232750573576,147.42440462888152,70.01147794566536,145.04407091805365,70.90817273016309,147.15991812313527,14606500,5866200
2025-04-03,72.11033630371094,148.27662658691406,72.86907799068412,150.90186638728932,71.26290622752573,147.7770542311579,71.42057113373531,148.59009430210773,24959600,8216200
2025-04-04,68.9078369140625,143.61390686035156,71.94281850913082,151.75408290851513,68.76988388863903,143.44738274126212,71.36143860095247,149.86353119153193,26517300,12911400
2025-04-07,67.37065124511719,140.2637939453125,68.36588285175816,143.11432922768486,65.08456255051648,137.79528808605457,65.26193182500606,138.4320137558872,34258400,14423200
2025-04-08,67.41991424560547,137.43284606933594,68.95711709289533,142.4286140057041,66.76956526696036,136.30633838738873,67.95202205606616,141.00824905164734,22774400,9488900
2025-04-09,68.92755126953125,142.61473083496094,69.4399547393548,142.96737450167657,66.29657995132368,135.50310099431755,66.92722459273949,137.3838622344804,27918700,14067000
2025-04-10,69.7257080078125,141.19436645507812,70.16912738133279,144.13305870677002,67.97172734935278,139.99929707696649,69.16403995967791,142.44820728670973,22450200,10980300
2025-04-11,70.38591766357422,141.4784393310547,70.79977677615909,142.32086507602736,69.50892727448294,139.2156485949087,69.87352174102297,142.18372669647192,19988200,8563300
2025-04-14,71.39100646972656,143.75103759765625,71.59794354771,144.1722430034685,69.89322738415065,140.5674541414901,70.25782185741095,141.21397006139793,13930200,5393800
2025-04-15,70.80963134765625,139.92092895507812,71.56837303943702,142.99675955422413,70.67167831278702,139.71522886952468,71.5585246211439,142.85962118153464,14965500,5459600
2025-04-16,70.63226318359375,137.2271270751953,71.6077903790075,141.4490458283401,70.34650117324493,136.91367434499563,71.3023240138897,141.1649788245041,15276200,7878600
2025-04-17,71.93296813964844,139.92092895507812,72.35668318419978,140.63602149199488,70.67167894225184,137.20754722779563,70.84904820550304,137.47201876636439,20754500,6131400
2025-04-21,71.7063217163086,138.8336181640625,72.39609436660993,139.91114467191062,70.77021081974918,137.69733514765073,72.30740598222606,139.5878867195562,16037200,7412800
2025-04-22,72.81981658935547,140.5282745361328,73.29279629329808,141.33150933813576,71.85413779050096,139.04912315619995,71.93297024711701,139.37238110783505,15613500,7144700
2025-04-23,72.22859191894531,139.35279846191406,72.86908498776312,141.06703582115023,71.32203365694319,137.97162429216468,72.2187359818917,140.34216787530133,16353900,7760000
2025-04-24,71.4599838256836,132.54481506347656,72.35668611451176,138.9511726035013,71.2432058443767,131.7807562665139,71.95267540823703,138.55933799803208,16893900,15577300
2025-04-25,70.85890197753906,130.65426635742188,71.85413349072351,132.83869014731295,70.09029684834144,129.1065532630851,71.58808336291094,132.7015517691799,16316000,11544700
2025-04-28,70.74065399169922,131.0264892578125,71.20378525378902,132.6427789986713,70.26766679355657,130.37998830843102,71.02641599422009,131.1636276345858,15997500,8498600
2025-04-29,71.29246520996094,131.5652618408203,71.64720372454755,131.7122054351232,69.2527225100261,128.83228437155887,70.14942473241904,129.7726576084596,16244100,7010700
2025-04-30,71.48954772949219,132.80931091308594,72.40595432368454,133.39704044226525,70.64211765237339,130.37999597582638,72.277849707779,132.8582921105916,21074700,7923500
2025-05-01,70.24796295166016,130.82078552246094,70.98700028560792,132.0550308790438,70.18884237066483,130.51712304998938,70.94758405898553,131.72198268000804,18034200,6807000
2025-05-02,70.60270690917969,131.01669311523438,70.77022024681455,131.65340377588834,70.06074314874088,130.42894870004503,70.45489792743481,131.40851276071967,12629600,7169700
2025-05-05,70.65196990966797,129.2926788330078,70.75051424045043,131.30077340302904,69.97206063810594,129.00859685636638,70.622409617584,131.30077340302904,11932700,8972200
2025-05-06,70.67167663574219,128.06820678710938,70.84904589320458,129.2044897033193,70.11986450935981,127.50005785552395,70.6322604098754,129.2044897033193,12705500,6889900
2025-05-07,71.34173583984375,129.22409057617188,71.62749783256234,129.95876363012394,70.62240289018987,127.60781583626196,70.6716750508875,128.27391223063697,15018200,6313200
2025-05-08,70.12971496582031,128.7440948486328,71.4107160311576,130.26242210292588,70.09029873880783,128.57757075515,71.14465837829255,129.1947008845566,14371100,6392400
2025-05-09,69.48921203613281,127.77435302734375,70.11000819281925,128.95961730553685,69.43009145659175,127.51965677648735,69.95234329020799,128.46983521938296,11228900,4770500
2025-05-12,68.51368713378906,128.98899841308594,69.30199663697478,129.62572407044905,67.69581733986227,127.40210929383602,69.12462737465182,128.16616812510173,21539000,8392700
2025-05-13,67.95201873779297,127.6469955444336,68.67135171992135,128.94981759173191,67.86333786598517,127.0984420396684,68.57280739407727,128.4894212687407,14389100,8650200
2025-05-14,68.14910125732422,125.82501220703125,68.32646300454624,127.50986374251463,67.57757723446424,125.25687067929496,67.87318766437765,127.41191629559191,16286800,10463000
2025-05-15,70.56328582763672,128.81268310546875,70.68153450847733,128.8616643013652,68.58266365134689,126.17765320404061,68.68120045977577,126.54989235649884,19817100,9165100
2025-05-16,70.94758605957031,129.28286743164062,71.20378778090203,129.5571441874877,70.38591797064711,127.98004536788598,70.80963302144018,129.390620081935,18441200,8896400
2025-05-19,70.87860870361328,129.0967559814453,71.11509854934737,129.55715233922007,70.59284669432446,128.4306595173237,70.97714551284609,129.42981916046924,13282800,9406200
2025-05-20,70.64212036132812,129.10655212402344,71.0756838347552,129.46898606011405,70.38591863756885,128.66575126583933,70.7505131091541,129.05757092934473,12137800,7624200
2025-05-21,70.79977416992188,127.49026489257812,71.02641559059063,129.20450211136327,70.53372404101862,127.40210770859728,70.64211678335458,129.10655466703867,12094400,9243700
2025-05-22,70.10015106201172,127.46087646484375,70.93772516869689,128.02902543895695,69.92278180853565,126.1874550868598,70.78991620448745,127.36292902259378,11101800,7140200
2025-05-23,70.720947265625,126.69681549072266,70.92788434841033,127.10823061383965,69.65673914865043,125.13931217885934,70.49431334505367,126.91232078573087,12822100,8122500
2025-05-27,70.73079681396484,128.68533325195312,71.16436777816122,128.77350538216393,70.51401133186667,126.49111919619,70.69138058832188,127.42170211783684,10666100,13974800
2025-05-28,70.1100082397461,127.99964904785156,70.84904555600932,129.48859078009744,70.01147143448627,127.80373920209995,70.65196442761332,128.6069740537705,8710900,9431500
2025-05-29,70.44503784179688,129.22409057617188,70.61255868744296,129.37103415513923,69.4300944210006,127.588220369674,69.96220221321816,128.1857550514335,10291100,6656900
2025-05-30,71.0461196899414,128.76370239257812,71.41071414175279,130.00775302759527,70.56328407809765,128.60696854390648,70.56328407809765,129.44939429681347,28019500,12992100
2025-06-02,70.94758605957031,128.2347412109375,70.98700228730418,128.35228412109456,70.31694145158205,126.43234683603939,70.97714635090152,128.224936003783,10202700,6723700
2025-06-03,70.11986541748047,129.15554809570312,70.73079813163702,129.50819181198963,69.43994866875633,127.15722872109161,70.66182161494591,127.96047855423014,20139800,7339500
2025-06-04,70.32679748535156,129.04779052734375,70.79977718305922,130.02735470789966,69.64688071228545,128.4208700496665,70.21840473840257,129.53757261762172,13565900,6519700
2025-06-05,69.87351989746094,128.4306640625,70.41547609691531,128.7245363146445,69.79468744441708,127.5490622530301,70.33664364387147,128.51882125405425,13531400,9560800
2025-06-06,70.30708312988281,128.77032470703125,70.43518774514085,129.40412406095734,69.9030799656016,128.08700670916417,70.04103299905142,128.98819465159664,9524000,7628200
2025-06-09,70.720947265625,128.70101928710938,70.7800753683681,129.38432221962913,70.05088640492701,127.92856163418743,70.30708813580839,128.5722738264608,12281300,8453100
2025-06-10,71.29246520996094,130.55288696289062,71.62749937057113,130.840070913271,70.71109279420178,128.20585138419662,70.84904582566585,128.93867289735877,12265000,11852900
2025-06-11,71.01656341552734,128.64158630371094,71.30232543155782,130.69154040963647,70.7110970443361,128.5326513254593,71.2136370386423,130.66183224383778,12718500,9168400
2025-06-12,71.18407440185547,131.01834106445312,71.34173930945474,131.04804922928133,70.55342980721151,128.4534354278245,71.19393033804957,128.6316844167938,12806900,11444900
2025-06-13,70.47947692871094,129.5823974609375,71.33293223765128,131.77097963716344,70.19169072643612,129.32490653834412,71.22376882106622,130.48357035710544,17467200,9581000
2025-06-16,69.98328399658203,130.136962890625,71.07491818836948,130.81036810444402,69.70541622824662,128.96838634004007,70.65810896453753,130.03792560107806,15045900,11183700
2025-06-17,69.09014129638672,128.03749084472656,69.92374461991086,130.41424980677178,69.05044481841,127.87905233603198,69.84435166395741,129.88938541373435,15437000,10235200
2025-06-18,68.68325805664062,127.81963348388672,69.46724646097395,128.4237095638656,68.56416862274337,127.34427263427757,69.46724646097395,128.37420603079548,16227600,8785800
2025-06-20,68.31607055664062,127.81963348388672,69.03059200944536,129.15654620711993,68.25652962601654,127.65126707196146,68.56416786267955,128.2751687427181,40859400,23001000
2025-06-23,69.20922088623047,127.83943176269531,69.27868782757626,128.24546349769895,68.44508453142677,126.58173826361752,68.61378887879101,128.03749123238987,21822800,12840400
2025-06-24,69.67564392089844,129.78045654296875,69.81457780139246,129.93891017008465,69.15960487496758,127.79983153692869,69.40770217175385,127.8889560355678,15216100,9226800
2025-06-25,69.10005950927734,126.7798080444336,69.4870907041115,129.3249032628141,68.90158469137793,126.39357922581071,69.39777930745545,128.9980983307788,12540400,10922600
2025-06-26,68.94127655029297,126.97786712646484,69.38784864631168,127.90876327345507,68.6237123201327,126.36387067018634,69.16952181845241,126.47280564719517,14454100,11538100
2025-06-27,69.79473114013672,129.77053833007812,70.02297640601245,130.06763509077672,68.9412758604962,126.86893007061283,69.06035771353453,127.04717906045062,23470700,26536500
2025-06-30,70.21153259277344,130.76084899902344,70.25122906746303,131.07775623568222,69.55655211738768,129.32489897146422,69.59624859207727,129.92899016924733,15429000,11402400
2025-07-01,71.1245346069336,133.9496612548828,71.89859699829424,135.06871919822353,70.36039822788831,131.18669607110115,70.44970962473963,131.30552873376766,21729300,12846700
2025-07-02,70.37032318115234,135.1578369140625,71.28331944587183,135.67280361139592,70.20161125964617,133.57334608445214,71.14438556086358,133.9397568499365,13050200,9388700
2025-07-03,70.80696868896484,134.06851196289062,70.85659117804524,135.50446207509395,69.91381688481951,133.9298688164221,70.4993304563871,135.37571661374116,9440500,4941400
2025-07-07,70.46955871582031,133.1475067138672,70.82681943101126,134.4052077643122,70.26115789384704,132.38496189152207,70.82681943101126,134.21704597987923,16984700,7773700
2025-07-08,69.70541381835938,133.73178100585938,70.14206747997817,134.35568265877478,69.34815310818556,131.98883660670657,70.14206747997817,132.1175820553318,17115500,7718300
2025-07-09,68.95120239257812,133.17721557617188,69.71533871688041,134.068505858001,68.44508179935906,131.67195151476218,69.6260273264274,133.5931449966379,33704100,7762600
2025-07-10,69.2389907836914,134.76171875,69.31838373638728,135.35589714786627,68.63364034053932,132.3354562923666,68.76264821017358,133.12769415618828,14608400,8869700
2025-07-11,69.3382339477539,133.9496612548828,69.62602771525711,134.07840671341773,68.72294993743722,132.51371117410827,69.04051416859102,133.53373182458068,12916700,7963600
2025-07-14,68.94127655029297,134.2566680908203,69.54663454705606,134.5636625371181,68.7427941743625,132.56322712737995,69.26876679208188,133.4446046165122,13983200,8480300
2025-07-15,68.83211517333984,132.51370239257812,69.0206715432217,134.19723048298866,68.62371435094191,132.45428606518232,68.98097506686085,134.11800367613813,12639800,8933500
2025-07-16,68.7427978515625,134.03880310058594,68.97105070326015,134.19724161646326,68.26645526650573,132.45429705405613,68.82219080618158,132.65235653212997,13178300,10941600
2025-07-17,70.05274963378906,144.0310516357422,70.15199461034207,144.54601836401767,68.98097505750633,140.26786113398043,69.27868727317926,140.3272774659027,20464700,26161000
2025-07-18,69.3183822631836,141.85235595703125,70.16191154649601,144.93222817629913,69.29853781109573,141.55525920993446,69.90389581271101,144.8430885744923,14928000,13752800
2025-07-21,69.53671264648438,140.3272705078125,70.08252974840164,142.19896042540418,69.39777876078342,139.09929274638924,69.6558020790833,141.71371699811996,17811700,9025600
2025-07-22,69.12983703613281,144.62522888183594,69.72526905676708,144.98174198142013,68.16721827663179,139.86182823945347,68.92142863614835,139.86182823945347,22339900,8281500
2025-07-23,68.6336441040039,144.24891662597656,69.20922411428865,145.6056398613789,68.07790097598784,143.68443127021507,69.12983872856844,144.44697609588678,21030000,6166000
2025-07-24,68.57408905029297,143.11004638671875,69.02066871254083,145.0510654331664,68.46492563760984,142.58518199828026,68.73287494922423,144.407368386506,12511400,9749400
2025-07-25,68.64356231689453,142.06031799316406,68.70311082014807,143.41705632572317,68.2267606507652,141.31758365533543,68.60386583850186,143.40714353019874,12574800,7021600
2025-07-28,67.57177734375,140.19854736328125,68.37561774841703,141.71372427383807,67.5420068790084,140.0896123842426,68.21683184135681,141.31759020871144,13668800,10639100
2025-07-29,68.85195922851562,142.49606323242188,68.89165570464739,142.59510052556692,67.63132476561074,139.76280620666972,67.81987356307579,140.19854611895687,16223400,6282900
2025-07-30,68.22676086425781,141.47604370117188,68.8023484457589,143.00111829530323,68.00843401807953,140.911558325513,68.58402159958062,142.37723169864333,10448200,9738400
2025-07-31,67.37329864501953,136.58389282226562,68.12751651739316,140.1985423718797,67.22443875856932,136.3066065420338,67.63132194344468,139.61424653549145,17193400,11689700
2025-08-01,68.33592224121094,137.93072509765625,68.51455260352374,138.4555895187504,67.75040866477998,136.95031027342034,68.0778989242416,137.75247609923318,16107500,7630500
2025-08-04,68.4351577758789,138.2080078125,68.5542472046044,138.96065497116004,67.79010328677435,137.40585711842857,68.1969864897566,137.94061921081976,10701500,8384700
2025-08-05,68.52447509765625,138.0990753173828,68.96112118319219,138.9903656353494,68.2267553186435,137.9109135243353,68.37561520814988,138.24763125919537,11993400,5535100
2025-08-06,68.98097229003906,139.4359893798828,69.26876605357357,140.20843184543006,68.10766498791271,138.00993710165156,68.59394112526157,138.54469915050424,10783000,6747400
2025-08-07,69.89397430419922,142.52577209472656,70.18176809165108,142.91199336232876,68.8023476571491,139.1190947030716,68.93135553235344,139.87174186832573,15790800,7674600
2025-08-08,69.80464935302734,143.80328369140625,70.3306219637713,143.9617222058768,69.54663362473224,142.40693945028397,69.82450137602136,142.52577211387924,9232700,5315100
2025-08-11,70.21153259277344,143.46656799316406,70.32069600533772,144.18950700286777,69.42754425314278,142.3574228213014,69.76496050234014,143.9122207099021,10909400,5773400
2025-08-12,70.17183685302734,145.4471893310547,70.51917154603863,145.58583247403416,69.68556828281153,143.31802354009062,70.28100026673495,144.13998471310086,11061100,7668700
2025-08-13,69.92374420166016,147.90316772460938,70.23138243997835,148.09131439342625,69.69549891882052,145.42738664526183,70.15199705582876,145.46699249370525,10356500,6147000
2025-08-14,69.02067565917969,147.18023681640625,69.92374594342411,148.05171663949338,68.86188974426732,146.61576655715706,69.84435298596793,147.59616624716074,10722400,6892500
2025-08-15,69.38784790039062,148.9429931640625,69.85427201465257,149.636223999154,69.04051321040676,147.05150778345154,69.20921754963773,147.9427829843271,12381100,9162200
2025-08-18,68.60386657714844,148.10122680664062,69.51687044735166,149.09153923582448,68.52448119083746,147.47732514074488,69.44740350224885,149.09153923582448,14094900,9901000
2025-08-19,69.59625244140625,150.68594360351562,69.68557140723011,150.8443972196085,68.71302665186508,148.40822198282802,68.77257515285726,148.54686511916717,13862200,8596900
2025-08-20,70.16191101074219,149.26979064941406,71.16422618841807,153.11220777269875,69.87412481535864,147.24955990982266,70.20160748594334,151.7257763936624,17530800,10023500
2025-08-21,70.12222290039062,147.5367431640625,70.37032019470902,148.8637733187536,69.79473265477148,147.16043471210708,70.06267440125079,148.8637733187536,8840400,8153600
2025-08-22,69.59625244140625,148.1903533935547,70.47947823094742,149.7154279072312,69.38785161625563,147.64567852761,70.41993730128404,148.2002510780378,12999600,5218000
2025-08-25,68.40538787841797,146.76429748535156,69.69549686731845,147.37830146063914,68.19698705491781,146.15030862103228,69.57640743760605,146.99206511066865,13634600,6624300
2025-08-26,68.20691680908203,145.575927734375,68.55425153397223,146.813818276334,68.05805690660648,144.3974535206751,68.51455505522347,146.07108395115858,17964200,11208100
2025-08-27,68.30615234375,146.20973205566406,68.3458488214082,146.3582728813592,67.94889161615517,144.89261466094752,68.29622633150322,145.57593268108315,11562700,8092900
2025-08-28,67.83972930908203,145.55612182617188,68.37562040927146,146.60585062096737,67.76033635246232,144.81338747766912,68.35576838445199,146.52663892144645,16209900,9265100
2025-08-29,68.46492767333984,147.20994567871094,68.61378756518198,147.77443105160063,67.90919215321306,145.44719065437548,68.14736343736331,145.67497340710432,14601100,7760700
2025-09-02,68.53439331054688,148.82415771484375,68.81226106532813,156.2713117669584,67.74048652136166,148.75484369921355,68.43515590831478,155.91479867108671,24770100,17348600
2025-09-03,68.46492767333984,147.20004272460938,68.57409108926883,149.00241864619298,66.85726204116489,145.6848658771532,68.13744499688148,148.49734962306167,33581500,11259200
2025-09-04,67.73056030273438,145.4669952392578,68.9313502801282,148.02200317468407,67.59162642576837,145.0312553433135,68.5840155877132,147.5763655941842,16736000,6342200
2025-09-05,67.4427719116211,146.38999938964844,68.05805596673616,147.8800048828125,67.35346051416663,145.27999877929688,67.49239440220406,146.0,23978000,7186300
2025-09-08,66.91680145263672,141.7100067138672,67.36337354671254,145.72000122070312,66.64885971045692,140.35000610351562,67.34352909487006,145.72000122070312,21671700,11127600
2025-09-09,67.3435287475586,143.10000610351562,67.5916260366164,143.6300048828125,66.76794121982566,141.10000610351562,66.76794121982566,141.17999267578125,14120600,5866400
2025-09-10,67.3038330078125,142.66000366210938,67.57177475153678,143.11000061035156,66.69847501019372,141.4199981689453,67.27406254421297,142.22999572753906,16041900,6015100
2025-09-11,67.10536193847656,144.22999572753906,67.65117146795131,144.75,67.06566546102458,142.5,67.40307416237309,142.88999938964844,15128700,6144400
2025-09-12,66.5,143.52999877929688,67.2045953978847,144.25,66.43053306137274,142.89999389648438,67.08550597252575,144.07000732421875,18712400,5713700
2025-09-15,66.20999908447266,140.63999938964844,66.77999877929688,143.52999877929688,66.0999984741211,140.52999877929688,66.68000030517578,143.39999389648438,15986100,7279600
2025-09-16,66.23999786376953,140.02999877929688,66.51000213623047,141.30999755859375,66.05999755859375,139.91000366210938,66.3499984741211,140.69000244140625,18555900,9283500
2025-09-17,67.04000091552734,141.22999572753906,67.12999725341797,142.0399932861328,66.41000366210938,140.14999389648438,66.41000366210938,140.1699981689453,17372300,6092900
2025-09-18,66.45999908447266,140.72999572753906,67.04000091552734,141.6300048828125,66.3499984741211,140.38999938964844,66.80000305175781,140.63999938964844,17722900,6106600
2025-09-19,66.43000030517578,141.75999450683594,66.7300033569336,142.0800018310547,66.05000305175781,140.4600067138672,66.48999786376953,141.4600067138672,31192900,12365500
2025-09-22,66.20999908447266,141.02999877929688,66.58999633789062,141.52000427246094,66.08000183105469,139.94000244140625,66.16000366210938,141.0800018310547,13298700,5797600
2025-09-23,66.70999908447266,141.89999389648438,66.76000213623047,142.22999572753906,65.9000015258789,139.9600067138672,66.3499984741211,141.0399932861328,15072800,6356500
2025-09-24,66.44999694824219,142.1699981689453,66.77999877929688,142.33999633789062,65.95999908447266,141.00999450683594,66.41000366210938,141.80999755859375,14759300,5949100
2025-09-25,65.9800033569336,139.9199981689453,66.91999816894531,143.4199981689453,65.94999694824219,139.86000061035156,66.75,143.0,14395000,7101700
2025-09-26,65.66999816894531,140.44000244140625,66.33000183105469,140.99000549316406,65.5,139.85000610351562,66.06999969482422,139.94000244140625,17821600,6224700
2025-09-29,66.04000091552734,140.1699981689453,66.0999984741211,140.6699981689453,65.3499984741211,139.1199951171875,65.66999816894531,140.44000244140625,14818500,11930200
2025-09-30,66.31999969482422,140.44000244140625,66.63999938964844,141.02999877929688,65.95999908447266,139.8300018310547,66.06999969482422,140.1699981689453,13815000,7583400
2025-10-01,66.77999877929688,143.13999938964844,66.83000183105469,143.3699951171875,66.29000091552734,140.47999572753906,66.51000213623047,140.80999755859375,14877500,5880800
2025-10-02,66.0999984741211,142.30999755859375,66.6500015258789,143.25,65.86000061035156,141.3699951171875,66.52999877929688,141.88999938964844,14350700,4497300
2025-10-03,66.6500015258789,141.97999572753906,66.98999786376953,143.36000061035156,66.04000091552734,141.86000061035156,66.0999984741211,142.25999450683594,12249200,5425700
2025-10-06,66.0999984741211,139.6999969482422,66.5,141.85000610351562,65.83999633789062,138.8800048828125,66.48999786376953,141.77000427246094,14333300,6750700
2025-10-07,66.79000091552734,140.7899932861328,67.26000213623047,141.83999633789062,65.87000274658203,139.69000244140625,66.22000122070312,140.3699951171875,13328300,6110300
2025-10-08,66.12000274658203,138.83999633789062,66.87000274658203,140.97999572753906,66.05999755859375,138.69000244140625,66.66999816894531,140.7899932861328,12606700,8256700
2025-10-09,66.37000274658203,144.7100067138672,66.80000305175781,144.74000549316406,66.12000274658203,138.58999633789062,66.29000091552734,140.4600067138672,12705200,13706600
2025-10-10,67.04000091552734,150.0800018310547,67.4000015258789,150.82000732421875,66.37999725341797,145.0,66.5199966430664,145.6300048828125,17991700,17545200
2025-10-13,66.80000305175781,148.88999938964844,66.80000305175781,149.97999572753906,66.0,147.33999633789062,66.2300033569336,148.64999389648438,13690000,7272000
2025-10-14,67.51000213623047,151.5399932861328,67.56999969482422,151.6199951171875,66.75,148.5,66.87000274658203,148.69000244140625,14245600,8371100
2025-10-15,67.08000183105469,151.16000366210938,67.72000122070312,152.38999938964844,66.91999816894531,149.1699981689453,67.2699966430664,151.3300018310547,11193700,6101100
2025-10-16,67.58999633789062,152.6699981689453,68.11000061035156,154.3800048828125,67.16000366210938,152.2899932861328,67.18000030517578,152.3800048828125,15707200,8532900
2025-10-17,68.44000244140625,153.7100067138672,68.5,153.91000366210938,67.80000305175781,151.74000549316406,68.0,153.77000427246094,15541800,6710100
2025-10-20,68.44000244140625,153.63999938964844,68.63999938964844,154.4199981689453,67.91999816894531,152.72000122070312,68.43000030517578,154.4199981689453,17786800,4810600
2025-10-21,71.22000122070312,153.17999267578125,71.38999938964844,155.19000244140625,70.2300033569336,152.83999633789062,70.56999969482422,154.6999969482422,33651300,5614300
2025-10-22,70.80999755859375,153.02999877929688,71.62000274658203,155.17999267578125,70.51000213623047,152.7100067138672,71.36000061035156,153.14999389648438,18293000,6486000
2025-10-23,69.94000244140625,151.50999450683594,70.93000030517578,153.39999389648438,69.72000122070312,151.02999877929688,70.80999755859375,153.1699981689453,13989400,6091800
2025-10-24,69.70999908447266,151.5500030517578,70.05000305175781,152.4199981689453,69.6500015258789,151.27000427246094,69.91000366210938,152.0399932861328,15688200,3580200
2025-10-27,70.05999755859375,152.6300048828125,70.12000274658203,152.8699951171875,69.25,150.9600067138672,69.77999877929688,151.00999450683594,13800000,4744600
2025-10-28,70.16000366210938,150.1199951171875,70.9000015258789,153.2100067138672,69.94999694824219,149.9199981689453,70.05000305175781,151.41000366210938,12730500,5626500
2025-10-29,68.3499984741211,146.16000366210938,70.02999877929688,148.66000366210938,68.16000366210938,143.6699981689453,69.91999816894531,148.0500030517578,19789600,7767600
2025-10-30,68.9800033569336,147.5500030517578,69.29000091552734,148.08999633789062,68.38999938964844,146.25,68.44999694824219,146.33999633789062,14751700,5752700
2025-10-31,68.9000015258789,146.08999633789062,69.06999969482422,147.0,67.9000015258789,145.3000030517578,68.55000305175781,146.1999969482422,16742700,6313600
2025-11-03,67.97000122070312,143.60000610351562,68.88999938964844,145.91000366210938,67.66000366210938,143.25,68.80000305175781,145.86000061035156,15660400,8331500
2025-11-04,68.66000366210938,142.89999389648438,68.7300033569336,144.92999267578125,68.16000366210938,142.05999755859375,68.47000122070312,144.6999969482422,12743800,8302900
2025-11-05,68.51000213623047,142.86000061035156,68.83000183105469,143.27999877929688,68.18000030517578,141.5800018310547,68.66000366210938,142.89999389648438,12850100,7136400
2025-11-06,69.05999755859375,141.5800018310547,69.13999938964844,143.2100067138672,67.91999816894531,141.3000030517578,68.30000305175781,142.41000366210938,15906700,6449400
2025-11-07,70.55000305175781,142.9499969482422,70.87000274658203,144.0500030517578,69.41000366210938,141.64999389648438,69.80999755859375,142.92999267578125,25108300,7592300
2025-11-10,70.5199966430664,142.6199951171875,70.66000366210938,143.02000427246094,69.44000244140625,141.25999450683594,70.01000213623047,142.49000549316406,15318000,6617500
2025-11-11,71.61000061035156,145.0800018310547,71.75,145.75999450683594,70.66000366210938,142.67999267578125,70.9800033569336,143.27999877929688,16160200,7683600
2025-11-12,71.51000213623047,144.38999938964844,71.88999938964844,145.5,71.33999633789062,144.05999755859375,71.48999786376953,144.55999755859375,13612600,5790100
2025-11-13,71.06999969482422,145.02000427246094,71.66999816894531,146.38999938964844,71.0,143.64999389648438,71.41999816894531,144.10000610351562,14002800,6663300
2025-11-14,71.16000366210938,145.85000610351562,71.63999938964844,146.83999633789062,70.5999984741211,143.92999267578125,71.41000366210938,145.88999938964844,13172000,5770500
2025-11-17,70.68000030517578,147.8300018310547,71.52999877929688,148.11000061035156,70.62000274658203,145.22000122070312,71.19999694824219,146.1199951171875,14772300,7320200
2025-11-18,71.22000122070312,148.77000427246094,71.33999633789062,149.8300018310547,70.56999969482422,147.4499969482422,70.98999786376953,148.3000030517578,12838900,10821500
2025-11-19,71.11000061035156,147.11000061035156,71.44999694824219,148.8000030517578,70.80999755859375,146.69000244140625,71.19999694824219,148.3000030517578,12401500,8123200
2025-11-20,71.20999908447266,146.10000610351562,71.4800033569336,147.0800018310547,70.61000061035156,144.89999389648438,70.94999694824219,146.60000610351562,15396500,6878900
2025-11-21,72.94999694824219,146.3300018310547,73.19000244140625,148.94000244140625,71.48999786376953,145.97999572753906,71.68000030517578,146.27999877929688,26492500,7911800
2025-11-24,72.58999633789062,145.5,73.16000366210938,146.33999633789062,71.56999969482422,144.75999450683594,73.16000366210938,145.8300018310547,39759400,9365600
